Barcode,Nama Item,Subkategori,Harga,price2,pcs2,price3,pcs3,Link,Thumbnail
711844150034,ABC SYRUP LECI 460ML,Minuman Ringan,11400,135600,12,135600,12,https://yoline.co.id/media/products/ProductSyrupsuashdelightlychee_abc_460ml.png,
711844150003,ABC SYRUP SQUAS ORANGE 525ML,Minuman Ringan,13200,13200,1,13200,1,https://images.tokopedia.net/img/cache/700/product-1/2020/5/12/82576742/82576742_8e681c5f-1a00-4adb-baeb-b023c546219c_800_800,
8990505011019,AMOR STARQUEEN CKLT 380G,Cemilan & Biskuit,25900,77400,3,153600,6,https://down-id.img.susercontent.com/file/92dbc39a93d465037a833c684b1728b4,
8990505011033,AMOR STARQUEEN PANDAN 350G,Cemilan & Biskuit,25900,77400,3,153600,6,https://encrypted-tbn0.gstatic.com/images?q=tbn:ANd9GcSuEWju6LkE7GdimMx7t5nsZ_E14MwyLwhivw&s,
8990505011026,AMOR STARQUEEN STRAW 350G,Cemilan & Biskuit,25900,77400,3,153600,6,https://yoline.co.id/media/products/ProductAmosparkstrawberry330ml.jpg,
8997208740260,ARISCO ASTOR SDG 400G,Cemilan & Biskuit,21500,63900,3,126000,6,https://down-id.img.susercontent.com/file/id-11134207-7r992-lut3x0qgs5mx46,
8886001026056,ASTOR CHOCOLATE 40G,Cemilan & Biskuit,4900,4900,1,4900,1,https://images.tokopedia.net/img/cache/700/hDjmkQ/2022/10/9/b8dea01a-877e-402d-9a55-8148f30d16f1.jpg,
8996001352205,ASTOR CHOCOLATE TIN 156G,Cemilan & Biskuit,21500,64200,3,127800,6,https://arti-assets.sgp1.digitaloceanspaces.com/megaswalayan/products/469902b8-129d-4cd6-b319-0b2ef038ddbd.jpg,
8886001038028,ASTOR CHOCOLATE TIN 330G,Cemilan & Biskuit,28700,85800,3,171000,6,https://arti-assets.sgp1.digitaloceanspaces.com/megaswalayan/products/7eba696b-b871-40d5-acd7-9703e075ecb3.jpg,
8997025913069,ASW APILO 2IN1 CHO&VNL 350G,Cemilan & Biskuit,32500,97200,3,193200,6,https://jumbo.co.id/wp-content/uploads/2021/05/ddd8a052e3ba7ab96b1df818a056dad0.jpg,
8997025913304,ASW APILO CHEESE 325G,Cemilan & Biskuit,32500,97200,3,193200,6,https://www.static-src.com/wcsstore/Indraprastha/images/catalog/full/catalog-image/103/MTA-158192347/apilo_asw_apilo_wafer_cheese_tin_325_gr_full03_cb86thny.jpg,
8997025914202,ASW APILO CHOCOLATE 350G,Cemilan & Biskuit,32500,94200,3,193200,6,https://images.tokopedia.net/img/cache/700/hDjmkQ/2023/4/9/021c1d6b-8ddc-4638-b8e8-e64eee706c9d.jpg,
8997025914417,ASW APILO SPOT CAPUCINO 525G,Cemilan & Biskuit,29300,29300,1,29300,1,https://images.tokopedia.net/img/cache/700/product-1/2018/3/14/1402541/1402541_1d1ccfaa-cbc7-4fa3-9a30-317ea531e9c5_700_700.jpg,
8997025914400,ASW APILO SPOT CHOCO 525G,Cemilan & Biskuit,29300,29300,1,29300,1,https://d1d8o7q9jg8pjk.cloudfront.net/p/lg_5e5a20ba0e41d.PNG,
8997025911621,ASW APILO SPOT STRAW 525G,Cemilan & Biskuit,29300,29300,1,29300,1,https://images.tokopedia.net/img/cache/700/hDjmkQ/2022/3/14/1c8c47e8-e663-4896-904e-0aca8536d5ac.jpg,
8997025916251,ASW DELUX ASS CKS CRM 324G,Cemilan & Biskuit,57300,57300,1,57300,1,https://down-id.img.susercontent.com/file/id-11134207-7r98t-lsxsf52mw29p59,
8997025914448,ASW DELUX BTR COOKIES 350G,Cemilan & Biskuit,53500,160200,3,319200,6,https://images.tokopedia.net/img/cache/500-square/VqbcmM/2021/4/30/dd8624a0-49df-4c17-b597-0f34d4145e9f.jpg,
8997025911614,ASW DELUX CHOCOCHIPS 170G,Cemilan & Biskuit,28500,28500,1,28500,1,https://d1d8o7q9jg8pjk.cloudfront.net/p/md_5e5a2ac2ce803.PNG,
8997025911072,ASW DELUX COOKIES CHOCO 325G,Cemilan & Biskuit,30500,30500,1,30500,1,https://www.aswfoods.com/product_image/891Cookies%20Cream%20Chocolate.png,
8997025911089,ASW DELUX COOKIES VNL 325G,Cemilan & Biskuit,30500,30500,1,30500,1,https://www.aswfoods.com/product_image/455Cookies%20Cream%20vanilla.png,
8997025914356,ASW HATARI ASS BSCT 350G,Cemilan & Biskuit,37500,37500,1,37500,1,https://down-id.img.susercontent.com/file/id-11134207-7r98t-lsxsf52mw29p59,
8997025914349,ASW HATARI ASS BSCT 750G,Cemilan & Biskuit,64500,193200,3,385200,6,https://www.idh.id/thumbs/f4xw2ylomftwk4ronfsgqltjmqxxk4dmn5qwi4zpmruxg5dsnfrhk5dpoixtcnrygu4dknzvgm4c64dsn5shky3uf4zdeobsge2dgnrzgixuu43bhfcdi5srjjvvimkhirjvgltkobtq-/f4xw2ylomftwk4ronfsgqltjmqxxk4dmn5qwi4zpmruxg5dsnfrhk5dpoixtcnrygu4dknzvgm4c64dsn5shky3uf4zdeobsge2dgnrzgixuu43bhfcdi5srjjvvimkhirjvgltkobtt65z5gyydajtihu3dama-.jpg,
8997025910235,ASW HATARI ASS CHOCO 400G,Cemilan & Biskuit,38500,115200,3,229200,6,https://down-id.img.susercontent.com/file/db70193b679eb8a7ee374f3373a340b8_tn,
8997025910778,ASW HATARI ASS LEMON 400G,Cemilan & Biskuit,38500,115200,3,229200,6,https://down-id.img.susercontent.com/file/8e1ac9fddeb75b88d2441c22bb5b5c13_tn,
8997025911676,ASW HATARI ASS MALKIST 300G,Cemilan & Biskuit,30700,91800,3,182400,6,https://down-id.img.susercontent.com/file/f397b0c75bc7ed5448075a2125902c1d,
8997025914226,ASW HATARI ASS PEANUT 400G,Cemilan & Biskuit,38500,115200,3,229200,6,https://down-id.img.susercontent.com/file/id-11134207-7r98v-lti6z7acb27x05,
8997025914370,ASW HATARI BSCT COCONUT 325G,Cemilan & Biskuit,30700,30700,1,30700,1,https://encrypted-tbn0.gstatic.com/images?q=tbn:ANd9GcSRmxAp9xLCc5f_C9PzJDVR1lzdafJVAznJwA&s,
8997025914233,ASW HATARI BSCT COCOPUF 325G,Cemilan & Biskuit,30700,30700,1,30700,1,https://d1d8o7q9jg8pjk.cloudfront.net/p/md_5e5a1a579ba8e.PNG,
8997025914240,ASW HATARI BSCT DURIAN 325G,Cemilan & Biskuit,30700,30700,1,30700,1,https://d1d8o7q9jg8pjk.cloudfront.net/p/lg_5e5a1f753ab80.PNG,
8997025914363,ASW OLE OLE ASS BISCUIT 300G,Cemilan & Biskuit,35500,106200,3,211200,6,https://images.tokopedia.net/img/cache/500-square/VqbcmM/2022/4/5/696c295a-7647-49c6-b710-f6641db57c82.jpg,
8997025914561,ASW OLE OLE ASS BISCUIT 600G,Cemilan & Biskuit,62500,62500,1,62500,1,https://images.tokopedia.net/img/cache/500-square/VqbcmM/2021/4/16/b551ebe5-5f89-4d03-8081-b805f0142bac.jpg,
8994430928985,BE BE COINT,Cemilan & Biskuit,26500,131500,5,131500,5,https://www.static-src.com/wcsstore/Indraprastha/images/catalog/full//102/MTA-50545991/no_brand_coklat_koin_toples_be_be_-isi_100pcs-__coklat_enak_dan_murah_full01_rf3pejvm.jpg,
8996001355985,BENG BENG SHARE IT PCH 285G,Cemilan & Biskuit,28500,85200,3,169200,6,https://encrypted-tbn0.gstatic.com/images?q=tbn:ANd9GcQnO7BGKezznZ7XaZjRE_eZo65uoa5Re80Y3g&s,
8993083929813,BISKITOP ASS COCONUT BOX 400G,Cemilan & Biskuit,24900,74400,3,148200,6,https://images.tokopedia.net/img/cache/700/product-1/2019/8/30/71160237/71160237_51d220a0-7e9b-49cf-868b-6ddbcd418934_1000_1000,
8993083929912,BISKITOP ASS DELIGHTS BOX 400G,Cemilan & Biskuit,24900,74400,3,148200,6,https://down-id.img.susercontent.com/file/619872544837a02b42058abc9d065801,
8993083929790,BISKITOP ASS DURIAN 400G,Cemilan & Biskuit,24900,74400,3,148200,6,https://didwblovvwmoz.cloudfront.net/product_images/2872761/1593254/compressed/featured_image/4397bcc2a374c738f0eee62ee7e9_654_654.jpeg?format=webp,
8993083929905,BISKITOP ASS WFR CREAM 400G,Cemilan & Biskuit,24900,74400,3,148200,6,https://images.tokopedia.net/img/cache/700/product-1/2019/8/30/71160237/71160237_ec469f78-062b-483b-a8bb-484fce3fa6c7_354_354,
8993083928595,BISKITOP ASSORTED MBR 400G,Cemilan & Biskuit,23500,70200,3,139200,6,https://images.tokopedia.net/img/cache/700/VqbcmM/2022/3/11/2abed4c6-728e-4843-a6d5-c6fe04fa0a19.jpg,
8993083929837,BISKITOP BLACK COOKIES 400G,Cemilan & Biskuit,23500,70200,3,139200,6,https://arti-assets.sgp1.digitaloceanspaces.com/renyswalayanku/products/b84180e1-a04d-42ac-bc35-9f79529c84e2.jpg,
8993083931670,BISKITOP BONBON DURIAN 200G,Cemilan & Biskuit,6500,44800,7,44800,7,https://laz-img-sg.alicdn.com/p/ee32e767bf788c9ed41fe1d670da2a87.jpg,
8993083928427,BISKITOP BUTTER COOKIES 370G,Cemilan & Biskuit,23500,70200,3,139200,6,https://down-id.img.susercontent.com/file/5aca59f26c13a1ec457f6675e5be2262,
8993083929769,BISKITOP CHEESE CREAM 400G,Cemilan & Biskuit,21800,65100,3,129600,6,https://www.ubbarokah.com/wp-content/uploads/2024/01/ub_biskitop-cheese-sandwich-400-gr.webp,
8993083923545,BISKITOP CLASSIC WFR STICK 500G,Cemilan & Biskuit,22500,67200,3,132000,6,https://arti-assets.sgp1.digitaloceanspaces.com/dutalia/products/61c7a15f-a296-456c-93c7-a52306648b80.jpg,
8993083929851,BISKITOP COCONUT CREAM 400G,Cemilan & Biskuit,23500,70200,3,139200,6,https://arti-assets.sgp1.digitaloceanspaces.com/renyswalayanku/products/dbef6cd7-61bf-412d-b4d8-9bbc5bb7658d.jpg,
8993083934763,BISKITOP FAM MOMMENT ASS 600G,Cemilan & Biskuit,36900,110000,3,219000,6,https://id-test-11.slatic.net/p/7046299a389bb595a6bc0de904c087da.png,
8993083937009,BISKITOP JAM BISC NANAS 110G,Cemilan & Biskuit,5900,69600,12,136800,24,https://images.tokopedia.net/img/cache/500-square/VqbcmM/2021/11/24/b3320708-6428-41ec-bc0e-1da0021e9998.jpg,
8993083937016,BISKITOP JAM BISC STRAW 110G,Cemilan & Biskuit,5900,69600,12,136800,24,https://down-id.img.susercontent.com/file/sg-11134201-7rbmi-los1hl7dyt07b8,
8993083924610,BISKITOP KELAPA COOKIES 310G,Cemilan & Biskuit,7500,43800,6,43800,6,https://arti-assets.sgp1.digitaloceanspaces.com/renyswalayanku/products/8872848a-2b19-4d37-a354-79be8666251b.jpg,
8993083929776,BISKITOP ORANGE CREAM 400G,Cemilan & Biskuit,21800,65100,3,129600,6,https://images.tokopedia.net/img/cache/500-square/VqbcmM/2022/4/26/1038b1a1-72a5-4d44-a87a-0996cf0372fa.jpg,
8993083929783,BISKITOP PEANUT BOX 400G,Cemilan & Biskuit,24900,74400,3,148200,6,https://arti-assets.sgp1.digitaloceanspaces.com/renyswalayanku/products/71c643cf-7c94-41f0-83a5-3fd6514752d1.jpg,
8993083929752,BISKITOP PEANUT CREAM 400G,Cemilan & Biskuit,21800,65000,3,129000,6,https://arti-assets.sgp1.digitaloceanspaces.com/renyswalayanku/products/c665da0e-3b97-4e2c-b503-14256c2b95c4.jpg,
8993083924184,BISKITOP PEANUT PAK 300G,Cemilan & Biskuit,9500,56400,6,56400,6,https://arti-assets.sgp1.digitaloceanspaces.com/renyswalayanku/products/634a3850-c5a4-4a3b-8037-8fd0c5f9f94c.jpg,
8993083935630,BISKITOP WF CB CHEESE 180G 12,Cemilan & Biskuit,15000,89400,6,177600,12,https://down-id.img.susercontent.com/file/id-11134207-7r98o-ltb5056hmpcd09,
8993083935647,BISKITOP WF CB COKLAT 180G 12,Cemilan & Biskuit,15000,89400,6,177600,12,https://images.tokopedia.net/img/cache/700/VqbcmM/2023/3/26/b96013d4-4bb1-4652-9d85-aba16a2f7040.jpg,
8993083935654,BISKITOP WF CB STRAW 180G 12,Cemilan & Biskuit,15000,89400,6,177600,12,https://arti-assets.sgp1.digitaloceanspaces.com/megaswalayan/products/ebbba8ce-79d0-4b13-a2e0-52a753f7ad77.jpg,
8993083935661,BISKITOP WF CB VANILLA 180G 12,Cemilan & Biskuit,15000,89400,6,177600,12,https://arti-assets.sgp1.digitaloceanspaces.com/megaswalayan/products/eff9a2b8-7d59-4b12-9426-ed6e7030b4fb.jpg,
8993083937108,BISKOTA WFR COKLAT 300G,Cemilan & Biskuit,23500,70200,3,139200,6,https://www.static-src.com/wcsstore/Indraprastha/images/catalog/full/catalog-image/109/MTA-158744907/br-m036969-17469_biskota-chocolate-wafer-cream-300gr-wafer-cokelat-kaleng_full02-981ce0b6.jpg,
8993083937115,BISKOTA WFR VANILLA 300G,Cemilan & Biskuit,23500,70200,3,139200,6,https://citrasukses.com/wp-content/uploads/2022/08/Screenshot-2022-08-29-193156.jpg,
8993083925433,BISKOTTO POTATO BISK 360G,Cemilan & Biskuit,15500,92400,6,183600,12,https://down-id.img.susercontent.com/file/id-11134201-23030-htb7w6m6nmovec,
8993083925839,BISKOTTO SDWCH CHEESE 160G,Cemilan & Biskuit,9300,82800,9,162000,18,https://images.tokopedia.net/img/cache/700/VqbcmM/2021/1/9/dc8afda5-2f03-411c-b1ff-0ac71f3cdcf0.jpg,
8993083925716,BISKOTTO SDWCH COKLAT 180G,Cemilan & Biskuit,9300,82800,9,162000,18,https://yoline.co.id/media/products/ProductMaxichocolatecrackers_biskotto_160.png,
8993083925150,BISKOTTO SDWCH LEMON 180G,Cemilan & Biskuit,9300,82800,9,162000,18,https://images.tokopedia.net/img/cache/700/VqbcmM/2021/1/9/90aea251-e88a-487e-bfb3-b7748c17a237.jpg,
8993083930789,BISKOTTO SDWCH PEANUT 160G,Cemilan & Biskuit,9300,82800,9,162000,18,https://down-id.img.susercontent.com/file/id-11134207-7r98s-lohp9zel66ai49,
8993083930697,BISKOTTO SDWCH VNL 160G 18,Cemilan & Biskuit,9300,82800,9,162000,18,https://arti-assets.sgp1.digitaloceanspaces.com/renyswalayanku/products/8f920a86-0211-4a4b-9e4d-47008eaecca1.jpg,
8993083926072,BISKOTTO SEAWEED 360G,Cemilan & Biskuit,15500,92400,6,183600,12,https://arti-assets.sgp1.digitaloceanspaces.com/megaswalayan/products/fbf3d304-8816-4753-8b71-39cff0678fd9.jpg,
8992952925765,CHO RATU WFR CHOCO 320G,Cemilan & Biskuit,20900,62400,3,124200,6,https://images.tokopedia.net/img/cache/700/VqbcmM/2023/9/19/48b5cea0-7e27-4724-9278-55e0b3fed43e.jpg,
8992952955830,CHO WFR ROLL SEMPRONG 300G,Cemilan & Biskuit,26900,80400,3,160200,6,https://images.tokopedia.net/img/cache/700/VqbcmM/2023/1/17/47e21eb4-63e5-439c-90b8-4507f75b2731.jpg,
8992952925659,CHO WFR STICK RAJA 670G,Cemilan & Biskuit,35500,106200,3,211200,6,https://www.idh.id/thumbs/f4xw2ylomftwk4ronfsgqltjmqxxk4dmn5qwi4zpmruxg5dsnfrhk5dpoixtcobrgiztmmbqg4xxa4tpmr2wg5bpge3dmmrwgq2dkmrqf5ju4okelbatawktpfhee2kpk42c42tqm4-/f4xw2ylomftwk4ronfsgqltjmqxxk4dmn5qwi4zpmruxg5dsnfrhk5dpoixtcobrgiztmmbqg4xxa4tpmr2wg5bpge3dmmrwgq2dkmrqf5ju4okelbatawktpfhee2kpk42c42tqm47xopjwgaycm2b5gyyda-.jpg,
8992775319185,CHOCOLATOS WFR COKLAT 300G,Cemilan & Biskuit,27900,83400,3,165600,6,https://www.static-src.com/wcsstore/Indraprastha/images/catalog/full//110/MTA-88384078/chocolatos_chocolate_wafer_cream_chocolatos_300gr_toples_full01_38be3aa9.jpg,
8994305101215,CITRA MILE STIK CHOCO 235G,Cemilan & Biskuit,16500,98400,6,194400,12,https://arti-assets.sgp1.digitaloceanspaces.com/renyswalayanku/products/c154117f-2e1d-4b24-8514-c61b2829befb.jpg,
8994305101208,CITRA MILE STIK RAINBOW 235G,Cemilan & Biskuit,16500,98400,6,194400,12,https://sunkrisps.id/wp-content/uploads/2023/09/Rainbow-stick-original-Mini.jpg,
8994305101109,CITRA WFR STIK CHOCO 480G,Cemilan & Biskuit,26500,79200,3,157200,6,https://arti-assets.sgp1.digitaloceanspaces.com/dutalia/products/2b722b16-8a77-4b8b-a679-a5ae6c1019a7.jpg,
8994305552307,CITRA WFR STIK JUMBO 500G,Cemilan & Biskuit,34500,103200,3,205200,6,https://down-id.img.susercontent.com/file/id-11134207-7r98t-ltkq93z3d0523d_tn,
8994305102687,CITRA WFR STIK RAINBOW 480G,Cemilan & Biskuit,26500,79200,3,157200,6,https://arti-assets.sgp1.digitaloceanspaces.com/dutalia/products/47d0ac9e-77ed-44c8-ab32-a9923da55455.jpg,
8992761136017,COCA COLA 1.5L,Minuman Ringan,12500,148800,12,148800,12,https://down-id.img.susercontent.com/file/bc58e9efc1c51b84817f9bc921731c90,
8993534106657,COLUMBIA ASSORTED BISC 350G,Cemilan & Biskuit,24300,145200,6,145200,6,https://www.halusciptanadi.co.id/~img/assorted_1-7d676-3426_211-twebp80.webp,
8993534110753,COLUMBIA BISC COCONUT 350G,Cemilan & Biskuit,23950,71550,3,142500,6,https://down-id.img.susercontent.com/file/id-11134207-7r98s-ls7vt6t9sabted,
8993534110746,COLUMBIA BISC DURIAN 350G,Cemilan & Biskuit,23950,71550,3,142500,6,https://s1.bukalapak.com/img/60329299881/s-400-400/DURIAN.png.webp,
8993534110777,COLUMBIA BISC WHT COFFEE 350G,Cemilan & Biskuit,23950,71550,3,142550,6,https://down-id.img.susercontent.com/file/id-11134207-7r98t-lso1xp9q8j4p97,
8993534110739,COLUMBIA BLACK COOKIES 350G,Cemilan & Biskuit,23950,71550,3,142500,6,https://down-id.img.susercontent.com/file/id-11134207-7qul5-liv43bknmvq9f2,
8993534110791,COLUMBIA BUTTER CARAMEL 350G,Cemilan & Biskuit,23950,71550,3,142500,6,https://down-id.img.susercontent.com/file/id-11134207-7r98w-lsupwb8g5snd6d,
8993534110760,COLUMBIA BUTTER COOKIES 350G,Cemilan & Biskuit,23950,71550,3,142500,6,https://images.tokopedia.net/img/cache/700/VqbcmM/2024/3/10/a1474fe2-b738-44cc-93a0-e79414bd8604.png,
8993534110838,COLUMBIA BUTTER LEMON 300G,Cemilan & Biskuit,24950,74550,3,148500,6,https://www.halusciptanadi.co.id/~img/butter_lemon_1-fd98f-3426_215-twebp80.webp,
8993534110852,COLUMBIA COCONUT TIN 300G,Cemilan & Biskuit,24950,74550,3,148500,6,https://jumbo.co.id/wp-content/uploads/2021/05/38a4471dc16765b55263baf7f8ccccb4.jpg,
8993534110494,COLUMBIA COKLAT COOKIES 350G,Cemilan & Biskuit,22400,66900,3,133200,6,,
8993534110845,COLUMBIA DURIAN TIN 350G,Cemilan & Biskuit,24950,74550,3,148500,6,https://s1.bukalapak.com/img/60329299881/s-400-400/DURIAN.png.webp,
8993534110807,COLUMBIA WFR CHOCO TIN 270G,Cemilan & Biskuit,25700,76800,3,153000,6,https://images.tokopedia.net/img/cache/700/product-1/2020/2/28/7870827/7870827_26658766-c1d9-4bc6-a2c8-96c97c023052_1000_1000.jpg,
8993534110708,COLUMBIA WFR CHOSTRAW 250G,Cemilan & Biskuit,22500,67200,3,133800,6,https://down-id.img.susercontent.com/file/id-11134207-7qukw-lijwra0jc76f12,
8993534110685,COLUMBIA WFR COKLAT JAR 250G,Cemilan & Biskuit,22500,67200,3,133800,6,https://down-id.img.susercontent.com/file/sg-11134201-7rcei-lt94jb8b6corbe,
8993534110821,COLUMBIA WHT COFFEE TIN 300G,Cemilan & Biskuit,25300,75600,3,150600,6,https://down-id.img.susercontent.com/file/id-11134207-7qul5-lhcwjjw8rfsb8e,
8995225601991,CRU COOKIES BANANA 380G,Cemilan & Biskuit,24300,72600,3,144000,6,,
8995225601984,CRU COOKIES CHOCHO 380G 6,Cemilan & Biskuit,24300,72600,3,144000,6,,
8995225602110,CRU COOKIES ONDE ONDE 280G,Cemilan & Biskuit,22950,68550,3,136500,6,,
8995225602097,CRU COOKIES PEANUT 380G,Cemilan & Biskuit,22950,68550,3,136500,6, ,
838452005836,DEKA CREPES CHOCO BNN BOX,Cemilan & Biskuit,13750,13750,1,13750,1,https://www.static-src.com/wcsstore/Indraprastha/images/catalog/full//88/MTA-18242431/dua_kelinci_dua_kelinci_deka_crepes_choco_banana_snack_-12_pcs-box-_full02_keaxccg2.jpg,
838452005843,DEKA CREPES CHOCO NUT BOX,Cemilan & Biskuit,13750,13750,1,13750,1,https://images.tokopedia.net/img/cache/700/VqbcmM/2022/7/9/ba39c5c5-190b-4a96-a91c-ea25cfc97b45.jpg,
8991002353046,DELBI'S SPC GANDUM TIN 155G,Cemilan & Biskuit,28500,170400,6,170400,6,https://www.static-src.com/wcsstore/Indraprastha/images/catalog/full/catalog-image/112/MTA-157627867/delbi-s_delbi-s-asst-sandwich-special-gandum-tin-155-2-gr_full01.jpg,
8993083939935,DENEX ASSORTED BISC JAR 350G,Cemilan & Biskuit,23500,70200,3,139800,6,https://images.ctfassets.net/ssa80yh5vivc/2P5VGF2p7FLsVuULS0yosL/7be13d59945b756251cc5169175ba985/Denex_Assorted_350gr_Bucket.png,
8993083939966,DENEX BLACK COOKIES 350G,Cemilan & Biskuit,21800,65000,3,129000,6,https://images.ctfassets.net/ssa80yh5vivc/C4HvOkCbxqSDoARe9xY1g/d8c80d5b9380544135fa4e0b9c143b71/Denex_Black_Cookies_350gr_Bucket.png,
8993083939973,DENEX BUTTER COOKIES 350G,Cemilan & Biskuit,22700,67800,3,134400,6,https://images.ctfassets.net/ssa80yh5vivc/4wQ68U1ZGCn6IBFB0EBUKD/7d88af30ec60f0c56beb039e8877d6da/Denex_Butter_Cookies_350gr_Bucket1.png?w=720&fm=webp,
8993083939980,DENEX COOKIES STRAWBERRY 350G,Cemilan & Biskuit,23500,70200,3,139800,6,https://images.ctfassets.net/ssa80yh5vivc/4Ie3g4GEsbyUlYvJT4zxDn/5e4f23b0b3e40597d5a1ecc85d90a1b0/Denex_Strawberry_and_Cherry_Cookies_350gr_Bucket.png,
8993083939942,DENEX SDWCH COKLAT 350G,Cemilan & Biskuit,22300,66600,3,132000,6,https://images.ctfassets.net/ssa80yh5vivc/3OMQSpHJhnoz1IIzuv80X0/13a75fa25769fa823af2b72342ad9edb/Denex_Chocolate_Sandwich_350gr_Bucket_V2.png?w=720&fm=webp,
8993083939959,DENEX SDWCH VANILLA 350G,Cemilan & Biskuit,22300,66600,3,132000,6,https://images.ctfassets.net/ssa80yh5vivc/1jrBoUmJFAVrCv5riFDPwS/6cdcea7674205caa2d303edc826d72cd/Denex_Vanilla_Sandwich_350gr_Bucket.png?w=720&fm=webp,
8993083940481,DENEX WAFER COKLAT 300G,Cemilan & Biskuit,10500,62400,6,62400,6,https://images.ctfassets.net/ssa80yh5vivc/4OgP3pmoHMsRdSlRtNvgbE/5bdd81761cdcd858239891d356ba26d2/Wafer_Roll_Chocolate_300gr.png,
8993083940498,DENEX WAFER STRAW 300G,Cemilan & Biskuit,10500,62400,6,62400,6,https://images.ctfassets.net/ssa80yh5vivc/3ET08RIS1WQFS54F9m5qfU/6acff7c0012bcb6e8d5308a893ec0860/Wafer_Roll_Strawberry_300gr.png?w=720&fm=webp,
900205,DUS LEBARAN ECO 30X20X20 KCL,Perlengkapan Kemasan,6000,66000,12,66000,12,https://images.tokopedia.net/img/cache/500-square/VqbcmM/2023/3/14/11738a36-2f43-4ae1-9bbd-14c231a0f627.png,
900207,DUS LEBARAN ECO 32X23X18 JINJING,Perlengkapan Kemasan,7000,78000,12,78000,12,https://down-id.img.susercontent.com/file/sg-11134201-7rbmv-lqoam1df3rd1ed,
900206,DUS LEBARAN ECO 32X25X29.5 SDG,Perlengkapan Kemasan,7500,84000,12,84000,12,https://images.tokopedia.net/img/cache/700/VqbcmM/2024/1/28/27a4c5a3-4862-498c-86cf-0986eeb3c389.jpg,
900208,DUS LEBARAN KECIL 29X29X24,Perlengkapan Kemasan,5500,60000,12,60000,12,https://images.tokopedia.net/img/cache/700/VqbcmM/2022/3/12/ed240d41-b6df-4c0a-b271-288fd16eb3b4.jpg,
900209,DUS LEBARAN MINI 30X20X20,Perlengkapan Kemasan,4000,42000,12,42000,12,https://images.tokopedia.net/img/cache/500-square/VqbcmM/2023/2/21/2a5d1677-fdcd-4d80-a98d-3b29998866cc.jpg,
20443304,DUS LEBARAN SDNG 30X30X20,Perlengkapan Kemasan,5000,54000,12,6000,1,https://images.tokopedia.net/img/cache/500-square/VqbcmM/2023/3/8/a262f359-6736-4921-bd67-7ec10d115441.png,
900210,DUS LEBARAN TGG 40X30X30,Perlengkapan Kemasan,6500,72000,12,72000,12,https://images.tokopedia.net/img/cache/700/VqbcmM/2022/3/10/2992e9d0-86be-44fe-bda1-08ad24a4d4be.jpg,
8994305551584,DUTA ASST BISKUIT TIN,Cemilan & Biskuit,30700,91800,3,182400,6,https://arti-assets.sgp1.digitaloceanspaces.com/renyswalayanku/products/92950c9e-edad-4a82-bfe7-f8ab305e722e.jpg,
8994305552260,DUTA WFR BLUEBERRY TIN,Cemilan & Biskuit,29900,89400,3,177600,6,https://selametbiskuit.com/wp-content/uploads/2022/11/duta-smart-blue-berry-wafer-cream-tin.jpg,
8994305552284,DUTA WFR CHOCO JAR 300G,Cemilan & Biskuit,28300,84600,3,168000,6,https://filebroker-cdn.lazada.co.id/kf/Sd5b7ee1bf66149be97c35d9a711c69f5w.jpg,
8994305101178,DUTA WFR CHOCO TIN 580G,Cemilan & Biskuit,36900,110400,3,220200,6,https://selametbiskuit.com/wp-content/uploads/2022/11/duta-chocolate-wafer-krim-rasa-coklat-tin.jpg,
8994305552277,DUTA WFR KLP KOPYOR 300G,Cemilan & Biskuit,29300,87600,3,174600,6,https://selametbiskuit.com/wp-content/uploads/2022/11/duta-smart-kelapa-kopyor-wafer-cream-small-503x514.jpg,
8994305551966,DUTA WFR ROLL CKT 300G,Cemilan & Biskuit,28900,86400,3,172200,6,https://selametbiskuit.com/wp-content/uploads/2022/11/duta-smart-fun-dream-chocolate-wafer-roll-krim-cokelat.jpg,
8994305552253,DUTA WFR WHITE COFFEE TIN,Cemilan & Biskuit,29900,89400,3,177600,6,https://arti-assets.sgp1.digitaloceanspaces.com/dutalia/products/27eb9603-c191-48c6-9e50-a74b910059a3.jpg,
8992761136055,FANTA STRAW 1.5L,Minuman Ringan,12500,148800,12,148800,12,https://arti-assets.sgp1.digitaloceanspaces.com/megaswalayan/products/63c6d9c9-2034-411b-83b5-710e9b8344ec.jpg,
8992761136185,FANTA STRAW 1L,Minuman Ringan,10500,62400,6,62400,6,https://images.tokopedia.net/img/cache/700/hDjmkQ/2022/11/15/6fae8ad9-bdb0-4114-a7c5-5735d0f03d30.jpg,
8992767010113,FRES FRAMBOZEN 625ML,Minuman Ringan,25000,25000,1,25000,1,https://images.tokopedia.net/img/cache/700/VqbcmM/2021/4/6/1c59da53-e349-41e9-9f0b-5cda2e0190d9.jpg,
8997223770112,GEMILANG WFR STICK 330G,Cemilan & Biskuit,23000,68700,3,136200,6,https://down-id.img.susercontent.com/file/c9efd7819e2c554f0258bfbdb5d194c5,
8992775319031,GERY BUTTER COOKIES 300G,Cemilan & Biskuit,27900,83400,3,166200,6,https://down-id.img.susercontent.com/file/a0a0d8d91c5673d42fddcf514263488d,
8992775004661,GERY BUTTER COOKIES TP 225G,Cemilan & Biskuit,27500,82200,3,163800,6,https://arti-assets.sgp1.digitaloceanspaces.com/renyswalayanku/products/d65b23f0-0188-46bf-96b7-d6103fde4e6e.jpg,
8992775004685,GERY CHOCOLTS DARK TP 190G,Cemilan & Biskuit,26900,80400,3,160200,6,https://images.tokopedia.net/img/cache/700/VqbcmM/2023/4/8/9fd04f56-6deb-4ed8-a852-561907d00106.jpg,
8992775311738,GERY CHOCOLTS PLATINUM 400G,Cemilan & Biskuit,58500,175200,3,349200,6,https://down-id.img.susercontent.com/file/id-11134207-7qukw-liqobn79ht64ed,
8992775319048,GERY EGG ROLL 210G,Cemilan & Biskuit,23900,71400,3,142200,6,https://arti-assets.sgp1.digitaloceanspaces.com/renyswalayanku/products/8843c96d-3b6b-4686-9fce-06306414c1d6.jpg,
8992775319079,GERY HOLANDA BTR COOKIES 225G,Cemilan & Biskuit,30500,91200,3,181200,6,https://down-id.img.susercontent.com/file/9574479694df4b95086be2bcf52b9dcc,
8992775319178,GERY HOLANDA BTR COOKIES 450G,Cemilan & Biskuit,67900,203400,3,406200,6,https://images.tokopedia.net/img/cache/700/hDjmkQ/2023/9/27/a33c1ebc-b4a4-491c-a5c6-fd9c11a810eb.jpg,
8992775311011,GERY WFR STIK COKLAT 350G,Cemilan & Biskuit,27900,83400,3,166800,6,https://down-id.img.susercontent.com/file/id-11134207-7r990-lt8bzd2rh45i8b,
8997204300284,GIZZI BISC SELECTION 240G,Cemilan & Biskuit,19500,58200,3,115800,6,https://d3eva9tbzi8qkq.cloudfront.net/2024/01/26/509-1706252946.png,
8992839006037,HOCK GUAN BISC COCONUT 300G,Cemilan & Biskuit,21500,64200,3,127800,6,https://images.tokopedia.net/img/cache/700/VqbcmM/2023/2/28/4814269d-3502-4f8b-9247-3b7203efbc02.jpg,
8992839006020,HOCK GUAN BISC DURIAN 300G,Cemilan & Biskuit,21500,64200,3,127800,6,https://www.static-src.com/wcsstore/Indraprastha/images/catalog/full/catalog-image/106/MTA-157477246/no-brand_hock-guan-biskuit-durian-top-300-gr_full01.jpg,
8992839006013,HOCK GUAN BISC ORANGE 300G,Cemilan & Biskuit,21500,64200,3,127800,6,https://img.ws.mms.shopee.co.id/id-11134207-7r98v-lr4mc6rr1w7dc5,
8992839008994,HOCK GUAN SELECTED 650G 6,Cemilan & Biskuit,40500,120900,3,241200,6,https://images.tokopedia.net/img/cache/700/VqbcmM/2021/4/9/ed9fbdda-dc00-4643-a053-a35f69ef6c7c.jpg,
89686834291,INDOFOOD FREIS COCPND 460ML,Minuman Ringan,18000,18000,1,18000,1,https://images.tokopedia.net/img/cache/500-square/VqbcmM/2023/8/26/2754774f-f6b7-477d-a3c1-f1434bea15af.jpg,
89686834154,INDOFOOD FREIS FRAMBOZ 460ML,Minuman Ringan,18200,18200,1,18200,1,https://images.tokopedia.net/img/cache/700/hDjmkQ/2023/3/3/01644749-88d1-4ce6-a391-904ec9ee2f1a.jpg,
89686834253,INDOFOOD FREIS MELON 460ML,Minuman Ringan,18200,18200,1,18200,1,https://assets.klikindomaret.com/share/20015819_1.jpg,
189686834298,INDOFOOD FREIS PCH CP 460ML,Minuman Ringan,15900,15900,1,15900,1,https://www.static-src.com/wcsstore/Indraprastha/images/catalog/full//catalog-image/106/MTA-131499087/brd-44261_freiss-indofood-syrup-pouch-sirup-cocopandan-squash-jeruk-460-ml_full03-8e466d26.jpg,
189686834267,INDOFOOD FREIS PCH ORG 460ML,Minuman Ringan,10000,10000,1,10000,1,https://www.static-src.com/wcsstore/Indraprastha/images/catalog/full//catalog-image/106/MTA-131499087/brd-44261_freiss-indofood-syrup-pouch-sirup-cocopandan-squash-jeruk-460-ml_full03-8e466d26.jpg,
89686834307,INDOFOOD FREIS SQ LECI 460ML,Minuman Ringan,11500,11500,1,11500,1,https://www.static-src.com/wcsstore/Indraprastha/images/catalog/full//109/MTA-94748626/indofood_indofood_freis_squash_sirup_leci_460ml_full01_dy1d10qp.jpg,
89686834055,INDOFOOD FREIS SQ ORG 460ML,Minuman Ringan,11500,11500,1,11500,1,https://images.tokopedia.net/img/cache/500-square/VqbcmM/2023/8/12/f814b333-f4f7-49b7-b008-e59f1205fb16.jpg,
8997223770716,INNOVA ASTOR JMB 410G,Cemilan & Biskuit,21900,65400,3,130800,6,https://down-id.img.susercontent.com/file/id-11134207-7r98o-lrl8gf9fkvw92e,
8997223770723,INNOVA ASTOR STD 250G,Cemilan & Biskuit,18900,56400,3,111600,6,https://down-id.img.susercontent.com/file/id-11134207-7r98o-lrl8gf9fkvw92e,
8997223770846,IPOP WFR STICK COKLAT 330G 12,Cemilan & Biskuit,24500,146400,6,290400,12,https://images.tokopedia.net/img/cache/700/VqbcmM/2020/11/14/732df3ff-f821-43e8-867e-ab1625016eb9.jpg,
8997223770105,IPOP WFR STICK COKLAT 430G,Cemilan & Biskuit,26500,79200,3,157200,6,"https://static.wixstatic.com/media/b1e5ac_0ef6faf504264bf6a014ca179008fe7d~mv2.png/v1/crop/x_358,y_270,w_1460,h_1599/fill/w_160,h_175,al_c,q_85,usm_0.66_1.00_0.01,enc_auto/ipop-STANDART.png",
8997223770099,IPOP WFR STICK JUMBO 600G,Cemilan & Biskuit,35500,106200,3,211200,6,https://down-id.img.susercontent.com/file/id-11134207-7r990-lrl8djob5zyhf0,
8997223770693,IPOP WFR STICK MANGGA 330G,Cemilan & Biskuit,24500,146400,6,290400,12,https://www.static-src.com/wcsstore/Indraprastha/images/catalog/full/catalog-image/MTA-94433763/diamond_diamond_lolly_pop_stik_mangga_-_grab_gojek_instant_only_-_full01_1ed0a3a4.jpg,
8997223770884,IPOP WFR STICK MATCHA 330G,Cemilan & Biskuit,24500,146400,6,290400,12,https://down-id.img.susercontent.com/file/sg-11134201-23020-d2mqs74xwenv5e,
8997223770686,IPOP WRF STICK STW 330G,Cemilan & Biskuit,24500,146400,6,290400,12,https://down-id.img.susercontent.com/file/c17352b3e1e1049af8bb69bfc09434ae,
10262210,JELLY TOPLES BANG JAGO,Bahan Puding & Agar-agar,20000,59700,3,118800,6,https://down-id.img.susercontent.com/file/id-11134207-7qul0-lfnp1jn2yix961,
10262209,JELLY TOPLES BELIMBING,Bahan Puding & Agar-agar,11500,34200,3,67800,6,https://down-id.img.susercontent.com/file/id-11134207-7r98t-lnayipuiu2jad0,
10262216,JELLY TOPLES BUNGA,Bahan Puding & Agar-agar,12500,74400,6,74400,6,https://images.tokopedia.net/img/cache/500-square/VqbcmM/2022/4/4/1d76d830-c541-4c23-9768-d1ead75f955f.jpg,
10262211,JELLY TOPLES CNGKIR JAGO,Bahan Puding & Agar-agar,18700,55800,3,111000,6,https://img.lazcdn.com/g/ff/kf/Sf8a5c85e936d49549f41b5b8a985a2899.jpg_720x720q80.jpg,
10262215,JELLY TOPLES ESKAN KARINA,Bahan Puding & Agar-agar,18700,111600,6,111600,6,https://s3-ap-southeast-1.amazonaws.com/data-pesanan/images/603/products/16742691403212_jelly_toples_eskan_karina_1_dus_isi_6_toples.jpg,
10262214,JELLY TOPLES HANAKO,Bahan Puding & Agar-agar,17800,53100,3,105600,6,https://down-id.img.susercontent.com/file/id-11134207-7r98u-lt4cb3b964jd0c,
10262204,JELLY TOPLES KOTAK JAGO,Bahan Puding & Agar-agar,25000,49800,2,99200,4,https://down-id.img.susercontent.com/file/id-11134207-7qul0-lfnp1jn2yix961,
10262213,JELLY TOPLES KUBAH,Bahan Puding & Agar-agar,16500,49200,3,97800,6,https://down-id.img.susercontent.com/file/id-11134207-7qul1-lffg7ruwv7yt5f,
10262212,JELLY TOPLES RAMEN,Bahan Puding & Agar-agar,18700,55800,3,111000,6,https://images.tokopedia.net/img/cache/700/VqbcmM/2023/3/11/6d3ab70c-b0dd-4dc0-ae31-9716d70d6f18.jpg,
8996001357446,KALPA SHARE IT FESTIVE 270G,Cemilan & Biskuit,27000,27000,1,27000,1,https://www.static-src.com/wcsstore/Indraprastha/images/catalog/full//108/MTA-93753684/kalpa_kalpa_share_it_big_pck_270-pcs_full02_u5sdcly1.jpg,
8993534104585,KERO KERO ASTOR COKLAT 400G,Cemilan & Biskuit,22700,67800,3,135000,6,https://down-id.img.susercontent.com/file/id-11134207-23030-28b8z3j8ehovaa,
8888166607859,KG ASTD BSCTT CLASC 350G,Cemilan & Biskuit,38900,116400,3,231600,6,https://www.pltscientific.com/wp-content/uploads/BuretteAmber-Plug-in-PTFE-05-600x600.jpg,
8888166603608,KG ASTD FAMILY 650G,Cemilan & Biskuit,47500,142200,3,283200,6,https://deltadewataonline.com/wp-content/uploads/2021/11/23010176-1.jpg,
8888166336933,KG ASTD RED BULAT RING 1000G,Cemilan & Biskuit,84500,253200,3,505800,6,https://images.tokopedia.net/img/cache/700/VqbcmM/2023/5/27/ac483b9f-2884-42aa-8de3-5ee174bd8a2e.jpg,
8888166603615,KG ASTD RED MINI 650G,Cemilan & Biskuit,57500,171900,3,342000,6,https://deltadewataonline.com/wp-content/uploads/2021/11/23010176-1.jpg,
8888166603578,KG EKONOMI ASTD KLG,Cemilan & Biskuit,84500,253200,3,505200,6,https://encrypted-tbn0.gstatic.com/images?q=tbn:ANd9GcSy29d8qxeD_c4h9RQP_km8V6QSt7dU5qhyfg&s,
8888166606654,KG MLKST ABON SEGI 800G,Cemilan & Biskuit,57500,172200,3,343200,6,https://images.tokopedia.net/img/cache/700/hDjmkQ/2022/4/3/22c1e80f-adc5-471d-af97-2f0575987ea9.jpg,
8992942120965,KINO NASTAR NANAS,Cemilan & Biskuit,22000,65700,3,130200,6,https://arti-assets.sgp1.digitaloceanspaces.com/megaswalayan/products/9264efd6-2846-412a-be1b-9de870d187df.jpg,
8997007640853,KITA BISC ASSORTED TIN 350G,Cemilan & Biskuit,35500,106200,3,211200,6,https://aimbiscuits.com/wp-content/uploads/2018/08/Bogabis-Assorted-Tin-350g.png,
8997007646848,KITA MARIE SUSU JAR 300G,Cemilan & Biskuit,24700,73800,3,147000,6,https://images.tokopedia.net/img/cache/500-square/VqbcmM/2023/9/6/a36a4561-7e5b-47ca-bf18-ce7181e5916e.jpg,
8997007646893,KITA WFR COK VAN JAR 280G,Cemilan & Biskuit,24900,74400,3,148200,6,https://sukamurah.com/wp-content/uploads/2020/07/SELAMAT-CHOCOLATE-198GR-01.jpg,
8998389683278,KOKOLA FAMILY ASSTD 400G,Cemilan & Biskuit,46300,138600,3,276000,6,"https://cdn.ralali.id/cdn-cgi/image/f=auto,w=250/assets/img/Libraries/314488_KOKOLA-Family-Assorted-400-gr_gVJuAQOLA1x1ZG4c_1581680008.png",
8998389185017,KOKOLA HAPPY ASSTD 700G,Cemilan & Biskuit,72300,216600,3,432000,6,https://down-id.img.susercontent.com/file/id-11134201-7qul7-lhe9qfm3ricr21,
8998389621140,KOKOLA KUKIS BUTTER JAR 320G,Cemilan & Biskuit,29900,178800,6,178800,6,https://assets.klikindomaret.com/share/20112570_1.jpg,
8998389621157,KOKOLA KUKIS COCONUT 320G,Cemilan & Biskuit,29900,178800,6,178800,6,https://bma.jadibaru.online/storage/asset/images/880267_6607ebccb9627.webp,
8998389621164,KOKOLA KUKIS COKLAT 320G 6,Cemilan & Biskuit,29900,178800,6,178800,6,https://solvent-production.s3.amazonaws.com/media/images/products/2022/04/DSC_0294.JPG,
8998389625117,KOKOLA KUKIS MAMAH 320G,Cemilan & Biskuit,29900,178800,6,178800,6,https://images.tokopedia.net/img/cache/700/VqbcmM/2023/4/13/7fe43bc0-5658-4100-9bb5-49a53a2617b4.jpg,
8998389621171,KOKOLA KUKIS MILK 320G,Cemilan & Biskuit,29900,178800,6,178800,6,https://img.lazcdn.com/g/p/ab8d5f7c8fa09c82b804042912c3ef7a.jpg_720x720q80.jpg,
4712277822723,KUGI WFR ROLL COKLAT 120G,Cemilan & Biskuit,5700,67200,12,132000,24,https://down-id.img.susercontent.com/file/eb3b93497ca11344a20a5eba6d2682d9,
4712277822280,KUGI WFR ROLL COKLAT 320G,Cemilan & Biskuit,16200,96600,6,192000,12,https://jumbo.co.id/wp-content/uploads/2020/05/eee0de1a-7112-4cfd-9ef0-5f4d4289eb06.jpg,
8993083930208,KUGI WFR ROLL STRAW 120G,Cemilan & Biskuit,5700,67200,12,132000,24,https://laz-img-sg.alicdn.com/p/7ad69290eac65f0e6d485dd31e683a38.jpg,
4712277822730,KUGI WFR ROLL VANILLA 120G,Cemilan & Biskuit,5700,67200,12,132000,24,https://images.tokopedia.net/img/cache/700/product-1/2019/12/7/20186927/20186927_19a18c54-e513-4033-9ab5-a7ddb9c6c2e0_1000_1000,
4712277822297,KUGI WFR ROLL VANILLA 320G,Cemilan & Biskuit,16200,96600,6,192000,12,https://jumbo.co.id/wp-content/uploads/2020/05/12.png,
8997223771324,MARINDO ASSORTED 550G,Cemilan & Biskuit,40900,122400,3,243600,6,https://down-id.img.susercontent.com/file/6b90012385b369c271950cbc8bfd7a1b,
8997223770617,MARINDO ASSORTED BISC 400G,Cemilan & Biskuit,26500,79200,3,157200,6,https://down-id.img.susercontent.com/file/id-11134207-7r98o-lpaxpfd6hvjraa,
8997223770662,MARINDO ASSORTED BISC 600G,Cemilan & Biskuit,46500,139200,3,277200,6,https://images.tokopedia.net/img/cache/700/hDjmkQ/2023/5/19/53c63044-7af0-44bc-9330-9ae81481a54d.jpg,
8997223771140,MARINDO BLACK COOKIES CHO 400G,Cemilan & Biskuit,26000,77700,3,154200,6,https://images.tokopedia.net/img/cache/700/VqbcmM/2022/12/29/8817c100-ad98-414e-be8e-30ffdf5c6101.jpg,
8997223770587,MARINDO BLACK COOKIES VAN 400G,Cemilan & Biskuit,26900,80400,3,160200,6,https://images.tokopedia.net/img/cache/700/VqbcmM/2022/12/29/8817c100-ad98-414e-be8e-30ffdf5c6101.jpg,
8997223770570,MARINDO COCONUT COOKIES 400G,Cemilan & Biskuit,26500,79200,3,157200,6,https://down-id.img.susercontent.com/file/id-11134207-7qul1-liwglx29yrqlc6,
8997223771058,MARINDO MACHO SANDWICH 400G,Cemilan & Biskuit,21800,65100,3,129600,6,https://down-id.img.susercontent.com/file/id-11134201-7qul4-lewdqb8ekx7l3c,
8997223770594,MARINDO PEANUT COOKIES 400G,Cemilan & Biskuit,26700,79800,3,158400,6,https://images.tokopedia.net/img/cache/700/VqbcmM/2022/12/29/f1c766ba-141e-43a4-a908-593c89438aa3.jpg,
8997223770600,MARINDO VANILLA COOKIES 400G,Cemilan & Biskuit,26500,79200,3,157200,6,https://down-id.img.susercontent.com/file/e428d3b890d0990a67f3fc213601fae2,
8998888110114,MARJAN COCO PANDAN 460ML,Minuman Ringan,23800,23800,1,23800,1,https://images.tokopedia.net/img/cache/500-square/VqbcmM/2022/12/27/c5836aef-fdc4-4753-9ba9-9ccdfea1b3ec.jpg,
8998888110213,MARJAN MELON 460ML,Minuman Ringan,23500,23500,1,23500,1,https://www.static-src.com/wcsstore/Indraprastha/images/catalog/full//96/MTA-2568363/marjan_marjan-melon-syrup--460-ml-_full02.jpg,
8998888170521,MARJAN SQUASH NANAS,Minuman Ringan,12500,148800,12,148800,12,https://arti-assets.sgp1.digitaloceanspaces.com/renyswalayanku/products/5af9a793-9674-44ac-bdcc-5e3ecd6ab0a8.jpg,
8998888170910,MARJAN SQUASH ORANGE,Minuman Ringan,14500,133200,12,133200,12,https://arti-assets.sgp1.digitaloceanspaces.com/renyswalayanku/products/dff63be6-0dc6-4ff2-912d-f675016ad67f.jpg,
8997208740604,MERRYCO WFR CHOCO STW 350G,Cemilan & Biskuit,28500,85200,3,169200,6,https://images.tokopedia.net/img/cache/700/VqbcmM/2023/3/12/10b50dac-60b0-4555-a961-565de8ddee98.jpg,
8997208740611,MERRYCO WFR CHOCO VNL 350G,Cemilan & Biskuit,28500,85200,3,169200,6,https://images.tokopedia.net/img/cache/700/VqbcmM/2023/2/16/8874d8fd-4b88-4991-8807-23beeea694bb.jpg,
8997208740321,MERRYCO WFR STRAW 350G,Cemilan & Biskuit,28500,85200,3,169200,6,https://arti-assets.sgp1.digitaloceanspaces.com/renyswalayanku/products/c1c1b557-9c52-40d2-8aca-15e0ba90cb7a.jpg,
8997242860061,MIX 1 COCHO CP JAR 200G,Cemilan & Biskuit,19700,58800,3,116400,6,https://images.tokopedia.net/img/cache/500-square/VqbcmM/2022/8/13/1851b02b-f723-43eb-883e-53f27395a876.jpg,
8888166989559,MONDE BUTTER COOKIES 454G,Cemilan & Biskuit,73500,73500,1,73500,1,https://images.tokopedia.net/img/cache/700/VqbcmM/2022/1/14/bb1d80af-0638-4712-97b5-58aa863c99c0.jpg,
8888166989566,MONDE BUTTER COOKIES 908G,Cemilan & Biskuit,137500,411000,3,819000,6,https://laz-img-sg.alicdn.com/p/2a2c3a949d45be64b52123dd029e51c0.jpg,
8888166989658,MONDE FAVOURITE 575G,Cemilan & Biskuit,94900,94900,1,94900,1,https://arti-assets.sgp1.digitaloceanspaces.com/megaswalayan/products/31e6da0f-6a09-4cbb-8020-abc0796bf728.jpg,
8888166989665,MONDE HARMONY 850G,Cemilan & Biskuit,107500,107500,1,107500,1,https://allofresh.id/media/catalog/product/cache/fb82878314ebdeb4be369a6c3c22b713/b/r/brc-8888166989665-1.jpg,
8888166989931,MONDE PIE SELECTION 800G,Cemilan & Biskuit,115900,115900,1,115900,1,https://arti-assets.sgp1.digitaloceanspaces.com/renyswalayanku/products/f5a4d07a-e344-4826-b091-dc662e6e12da.jpg,
8888166989580,MONDE PIN PIN B COOKIES 325G,Cemilan & Biskuit,50500,151200,3,301800,6,https://images.tokopedia.net/img/cache/500-square/VqbcmM/2022/3/11/2e8a0875-7fc2-4c77-8cf9-609131e66bd0.jpg,
8888166989597,MONDE PIN PIN B COOKIES 650G,Cemilan & Biskuit,78500,235200,3,469200,6,https://allofresh.id/media/catalog/product/cache/fb82878314ebdeb4be369a6c3c22b713/b/r/brc-8888166989597-1.jpg,
8888166989740,MONDE SELECTED GOLD 800G,Cemilan & Biskuit,57900,173400,3,346200,6,https://arti-assets.sgp1.digitaloceanspaces.com/megaswalayan/products/2ef77557-bb1f-473c-8ae1-ef9de8dc037b.jpg,
8888166992160,MONDE TOP SELECTED 450G,Cemilan & Biskuit,45900,137400,3,273600,6,https://allofresh.id/media/catalog/product/cache/fb82878314ebdeb4be369a6c3c22b713/b/r/brc-8888166992160-1.jpg,
8993175560320,NABATI BIG ROLLS TIN 191G,Cemilan & Biskuit,22900,22900,1,22900,1,https://arti-assets.sgp1.digitaloceanspaces.com/renyswalayanku/products/e25f2539-0311-407e-831c-32b746521a20.jpg,
8993175535250,NABATI RICHE WFR 287G,Cemilan & Biskuit,25500,152400,6,152400,6,https://allofresh.id/media/catalog/product/cache/6151a33a02c2f3881cb02a785f0fe387/b/r/brc-8993175535250-2.jpg?1727391889,
8993175537810,NABATI RICHO WFR 287G,Cemilan & Biskuit,20500,20500,1,20500,1,https://assets.klikindomaret.com/share/20053745_1.jpg,
8993175558822,NABATI WFR GOGUMA TIN 287G,Cemilan & Biskuit,26900,80400,3,160200,6,https://www.static-src.com/wcsstore/Indraprastha/images/catalog/full/catalog-image/112/MTA-157883907/nabati_nabati-wafer-korean-goguma-tin-287-gr_full01.jpg,
8993175544955,NABATI WFR PINK LAVA 287G,Cemilan & Biskuit,26900,80400,3,160200,6,https://images.tokopedia.net/img/cache/700/VqbcmM/2022/2/26/1c9a6625-c0e9-4bf7-ada7-abb0e2b46142.jpg,
8993175540414,NABATI WFR WHITE 287G,Cemilan & Biskuit,26900,80400,3,160200,6,https://assets.klikindomaret.com/share/20074000_1.jpg,
8993175540261,NEXTAR NASTAR 171G,Cemilan & Biskuit,21500,21500,1,21500,1,https://arti-assets.sgp1.digitaloceanspaces.com/renyswalayanku/products/2ddbc695-2ff1-4355-b5e9-f4ea4e523713.jpg,
8993175558457,NEXTAR NOIR COKLAT TIN 105G,Cemilan & Biskuit,21100,21100,1,21100,1,https://arti-assets.sgp1.digitaloceanspaces.com/renyswalayanku/products/a6811a14-a181-4a15-b3d0-8a9d076800e8.jpg,
8994297103150,NIKISARI COCOPANDAN 450ML,Minuman Ringan,18700,111600,6,222000,12,https://images.tokopedia.net/img/cache/700/VqbcmM/2023/12/6/791d01ee-9b20-44f4-be71-958fd503fa98.jpg,
8994297102955,NIKISARI FRAMBOZ 625ML,Minuman Ringan,20700,20700,1,20700,1,https://images.tokopedia.net/img/cache/500-square/VqbcmM/2022/4/3/6d700932-4065-4d9f-a6ba-54995533040a.jpg,
8994297101446,NIKISARI FRAMBOZEN 625ML,Minuman Ringan,21600,129000,6,129000,6,https://images.tokopedia.net/img/cache/500-square/VqbcmM/2022/4/3/6d700932-4065-4d9f-a6ba-54995533040a.jpg,
8994297103044,NIKISARI MANGGA 625ML,Minuman Ringan,20900,124800,6,248400,12,https://images.tokopedia.net/img/cache/700/VqbcmM/2024/7/19/03c24e61-f473-49bd-a596-5a3e3ae54fc2.jpg,
8994297102962,NIKISARI MELON 625ML,Minuman Ringan,20900,124800,6,248400,12,https://down-id.img.susercontent.com/file/id-11134207-7r98s-lria93i0s55z5c,
8888166336988,NISSIN ASTD BISKT YLLW 700G,Cemilan & Biskuit,51500,154200,3,307200,6,https://images.tokopedia.net/img/cache/700/product-1/2018/12/22/44281989/44281989_3351c94d-e4fc-4274-b1e4-dc9e784104df_300_300.jpg,
8888166350779,NISSIN BISKUIT KERING 450G,Cemilan & Biskuit,27700,82800,3,164400,6,https://arti-assets.sgp1.digitaloceanspaces.com/megaswalayan/products/30dc0636-d475-452e-9136-cd3a34ad9d24.jpg,
8888166996458,NISSIN BISKUIT KLP IJO 350G,Cemilan & Biskuit,22900,22900,1,22900,1,https://images.tokopedia.net/img/cache/500-square/VqbcmM/2024/3/11/353d2fb2-e3c6-4b19-90a3-a7af51cbf878.jpg,
8888166995192,NISSIN EGG ROLL COFFEE 300G,Cemilan & Biskuit,43500,130200,3,259800,6,https://www.static-src.com/wcsstore/Indraprastha/images/catalog/full//109/MTA-95690196/nissin_nissin_egg_roll_coffe_kotak_300_gr_full01_6d395f23.jpg,
8888166994294,NISSIN EGG ROLL ORI TIN 300G,Cemilan & Biskuit,46500,139200,3,277200,6,https://images.tokopedia.net/img/cache/700/VqbcmM/2021/6/23/bf7d7172-8858-415d-b07c-69d274e20baf.jpg,
8888166360204,NISSIN GOLDEN WFR 300G,Cemilan & Biskuit,23900,71400,3,142200,6,https://images.tokopedia.net/img/cache/700/VqbcmM/2022/3/15/f8143275-df53-4046-8fe7-edf6306726b9.jpg,
8888166336940,NISSIN LEMONIA LEMON 700G,Cemilan & Biskuit,47600,142500,3,283800,6,https://kpri.princetech.id/web/image/product.template/22811/image_1024?unique=2b45650,
8994251001713,NISSIN SOKLAT 315G,Cemilan & Biskuit,22900,22900,1,22900,1,https://www.static-src.com/wcsstore/Indraprastha/images/catalog/full/catalog-image/104/MTA-159463742/brd-44261_nissin-soklat-krim-biskuit-kemasan-ember-315-gr-nissin-soklat-krim_full01-71e20095.jpg,
8888166350847,NISSIN WAFFLE DELUX 300G,Cemilan & Biskuit,27500,82200,3,163200,6,https://images.tokopedia.net/img/cache/700/VqbcmM/2024/2/12/41953dd0-86bd-42f2-b09b-c1d5d60d719d.png,
8888166350717,NISSIN WALLENS AST YELLOW 600G,Cemilan & Biskuit,39500,118200,3,235800,6,https://images.tokopedia.net/img/cache/700/VqbcmM/2023/1/7/fc5f15aa-3475-4f40-9c12-2dfd831ea680.jpg,
8888166993655,NISSIN WFR CHOCO 180G,Cemilan & Biskuit,22500,134400,6,266400,12,https://images.tokopedia.net/img/cache/700/VqbcmM/2023/3/21/25013bce-96a3-473a-9cb0-85ee59b8c92e.jpg,
8888166337039,NISSIN WFR CHOCO 600G,Cemilan & Biskuit,46900,140400,3,280200,6,https://images.tokopedia.net/img/cache/700/VqbcmM/2020/5/16/5ecc48a8-ffb4-4eb1-9cfc-501408ada732.png,
8888166995321,NISSIN WFR SPC EDITION 267G,Cemilan & Biskuit,24900,148800,6,148800,6,https://images.tokopedia.net/img/cache/700/VqbcmM/2024/2/28/3b506a78-3011-447a-991e-737d2dc66404.jpg,
8993039243246,REGAL SELECTION 345G,Cemilan & Biskuit,28900,28900,1,28900,1,https://arti-assets.sgp1.digitaloceanspaces.com/megaswalayan/products/91ae686a-16ed-49e7-8a63-36f28fb11c93.jpg,
8997220611166,REGARO POTATO BALADO,Cemilan & Biskuit,16500,16500,1,16500,1,https://down-id.img.susercontent.com/file/31e54dd4dced4b9ddc4565c5bc45082c,
8997210380188,RICHWELL ASST COOKIES 400G,Cemilan & Biskuit,24900,74400,3,148200,6,https://www.meatup.shop/cdn/shop/products/RichwellAssortedCookies_400G_700x.jpg?v=1678086441,
8997210380195,RICHWELL CHOCO COOKIES 400G,Cemilan & Biskuit,24900,74400,3,148200,6,https://www.static-src.com/wcsstore/Indraprastha/images/catalog/full/catalog-image/91/MTA-157440321/richwell_richwell-cookies-chocolate-tin-400-gr_full01.jpg,
8993083933797,RING YUANI WFR COKLAT 300G,Cemilan & Biskuit,20500,61200,3,121200,6,https://images.tokopedia.net/img/cache/700/VqbcmM/2023/4/4/157e5e74-cfce-4775-b950-3ee465780148.jpg,
8993083933780,RING YUANI WFR KEJU 300G,Cemilan & Biskuit,21500,64200,3,127800,6,https://arti-assets.sgp1.digitaloceanspaces.com/renyswalayanku/products/45625775-5046-4a69-8a46-3b21dea15c17.jpg,
8992952925475,ROCKY XXX TRA WFR STICK 620G,Cemilan & Biskuit,31500,94200,3,187200,6,https://arti-assets.sgp1.digitaloceanspaces.com/megaswalayan/products/f98ce9a8-887c-4136-95de-fc42ce7aea7c.jpg,
8886001012080,ROMA BISKUIT KLP TIN 345G,Cemilan & Biskuit,33900,33900,1,33900,1,https://allofresh.id/media/catalog/product/cache/fb82878314ebdeb4be369a6c3c22b713/b/r/brc-8886001012080-1_2.jpg,
8996001305744,ROMA FESTV TREAT 240G,Cemilan & Biskuit,39900,39900,1,39900,1,https://kliktobuy.com/wp-content/uploads/2023/03/roma-festive-treats-240-gr_8996001305744.jpg,
8996001301395,ROMA FESTV TREAT 765GR,Cemilan & Biskuit,57500,172200,3,343800,6,https://images.tokopedia.net/img/cache/500-square/VqbcmM/2021/2/26/9ef26f21-a64f-4f8b-af2d-807a936c2590.jpg,
8996001357453,ROMA WAFELLO BTTR CRML 228G,Cemilan & Biskuit,17500,17500,1,17500,1,https://assets.klikindomaret.com/share/20119648_1.jpg,
8996001357255,ROMA WAFELLO BTTR CRML K287G,Cemilan & Biskuit,29500,29500,1,29500,1,https://kliktobuy.com/wp-content/uploads/2023/03/wafello-butter-caramel-klg-228_8996001357255.jpg,
8996001350867,ROMA WAFELLO CHOCO BLST 234G,Cemilan & Biskuit,29500,29500,1,29500,1,https://laz-img-sg.alicdn.com/p/7b9376c72ea4707c02795bc57634c99f.jpg,
8996001357460,ROMA WAFELLO CHOCO PCH 234G,Cemilan & Biskuit,18500,18500,1,18500,1,https://www.static-src.com/wcsstore/Indraprastha/images/catalog/full//catalog-image/93/MTA-112934027/roma_roma-wafello-chocoblast-pouch-234gr_full01.jpg,
8996001357668,ROMA WAFELLO COCONUT 228G,Cemilan & Biskuit,18500,18500,1,18500,1,https://arti-assets.sgp1.digitaloceanspaces.com/renyswalayanku/products/b37b6c8a-9bae-452e-8809-0f66dd22d1b0.jpg,
8997208740499,ROVANA BISC SNACK BBQ,Cemilan & Biskuit,24300,72600,3,144000,6,https://down-id.img.susercontent.com/file/id-11134207-7qul1-lf0kke31c290b2,
8997208740314,ROVANA BUTTER COCONUT 300G,Cemilan & Biskuit,21800,65000,3,129000,6,https://images.tokopedia.net/img/cache/500-square/VqbcmM/2021/2/18/745a403a-da79-4f2e-9c85-8b9b6d9448ba.jpg,
8997208740017,ROVANA KUKIS BUTTER 350G,Cemilan & Biskuit,24500,73200,3,145800,6,https://larue.com.kh/image/cache/catalog/Prumden%20Store/8997208740017-500x500.jpg,
8997208740031,ROVANA KUKIS COKLAT 350G,Cemilan & Biskuit,24500,73200,3,145800,6,https://down-id.img.susercontent.com/file/74280638b596a2ac8dfc2c082e160a59,
8997208740024,ROVANA KUKIS KELAPA 350G,Cemilan & Biskuit,24700,73800,3,146400,6,https://down-id.img.susercontent.com/file/id-11134207-7r991-lr75ungjb26l54,
8997208740628,ROVANA MARIE SUSU 300G,Cemilan & Biskuit,21800,65000,3,129000,6,https://down-id.img.susercontent.com/file/id-11134207-23020-jup1e0uumhnv20,
8997208740178,ROVANA MINI ROLL 350G,Cemilan & Biskuit,21800,65000,3,129000,6,https://images.tokopedia.net/img/cache/700/hDjmkQ/2023/8/30/1c9f8214-c8c9-41c4-b78f-ab066fbdc592.jpg,
8886001012295,ROYAL CHOICE BTR COOK,Cemilan & Biskuit,59950,59950,1,59950,1,https://images.tokopedia.net/img/cache/700/hDjmkQ/2022/4/2/5261459e-f6d6-4b43-b907-7786470d2037.jpg,
8997007182148,SEALLEYS ASSTD COOKIES 185G,Cemilan & Biskuit,25300,75600,3,150000,6,https://images.tokopedia.net/img/cache/700/VqbcmM/2024/2/13/e0100af5-1852-42ab-83ed-9e7b0b5a594d.jpg,
8994305102472,SELBISCO EGG ROLL,Cemilan & Biskuit,26900,80400,3,160200,6,https://arti-assets.sgp1.digitaloceanspaces.com/renyswalayanku/products/06c87cba-2d5d-4d08-911d-12c17f77fb37.jpg,
8888166337619,SERENA ASST FLOWERS 500G,Cemilan & Biskuit,43900,131400,3,261600,6,https://arti-assets.sgp1.digitaloceanspaces.com/megaswalayan/products/03cd7508-77f4-4a61-80fb-436eefec71a7.jpg,
8888166996106,SERENA EGG ROLL CHOCO 168G,Cemilan & Biskuit,23700,23700,1,23700,1,https://images.tokopedia.net/img/cache/500-square/VqbcmM/2020/10/19/94b3805d-afa7-4c46-99d6-3311b1cb49f6.jpg,
8888166990050,SERENA EGG ROLL ORI 300G,Cemilan & Biskuit,59900,179400,3,357600,6,https://allofresh.id/media/catalog/product/cache/6151a33a02c2f3881cb02a785f0fe387/b/r/brc-8888166990050-1.jpg?1727890461,
8888166991576,SERENA EGG ROLL ORI600G,Cemilan & Biskuit,96900,290400,3,580200,6,https://down-id.img.susercontent.com/file/a345fdce70166c2a771eff298f2b119f,
8888166992153,SERENA LEGEND 285G,Cemilan & Biskuit,35000,104700,3,208200,6,https://img.lazcdn.com/g/p/fb2cfb0827a5acf5016020dcc298e759.jpg_720x720q80.jpg,
8992761136031,SPRITE 1.5L,Minuman Ringan,12500,148800,12,148800,12,https://www.static-src.com/wcsstore/Indraprastha/images/catalog/full//104/MTA-2587982/sprite_sprite-pet-1-5l_full02.jpg,
8997223770624,SUPERQUIN CHOCOBAR 360G,Cemilan & Biskuit,26000,77700,3,154200,6,https://img.lazcdn.com/g/ff/kf/S4c9e307411d14c23b4204ccf06ca6841w.jpg_720x720q80.jpg,
8997223771416,SUPERQUIN WFR CHOCO 168G,Cemilan & Biskuit,21500,64200,3,127200,6,https://ciptafoodcorp.com/wp-content/uploads/2023/01/chocc168-500.jpg,
8997223771430,SUPERQUIN WFR COCONUT 168G,Cemilan & Biskuit,21500,64200,3,127200,6,https://images.tokopedia.net/img/cache/500-square/VqbcmM/2024/1/12/1137722c-700b-4e5f-a2ae-e84e110cd1bc.jpg,
8997223771157,SUPERQUIN WFR COKLAT 300G,Cemilan & Biskuit,23500,70200,3,139800,6,https://images.tokopedia.net/img/cache/700/VqbcmM/2024/2/19/3a8f63f8-213f-4fc4-a513-eac554fc0c3e.jpg,
8997223770679,SUPERQUIN WFR COKLAT 600G,Cemilan & Biskuit,53500,160200,3,319200,6,https://images.tokopedia.net/img/cache/700/VqbcmM/2024/6/24/e8e04567-b569-4630-a609-5a9969ed534e.jpg,
8997223771201,SUPERQUIN WFR KEJU 300G,Cemilan & Biskuit,28500,85200,3,169200,6,https://filebroker-cdn.lazada.co.id/kf/Sf9e54387a7d74a2ca6aa8bf78eb29152d.jpg,
8997223771195,SUPERQUIN WFR MATCHA 300G,Cemilan & Biskuit,28500,85200,3,169200,6,https://www.static-src.com/wcsstore/Indraprastha/images/catalog/full/MTA-17669960/silverqueen_silverqueen_white_chocolate_green_tea_matcha_25_g_full02_q9ngyx7c.jpeg,
8997223771164,SUPERQUIN WFR STRAW 300G,Cemilan & Biskuit,23500,70200,3,139800,6,https://images.tokopedia.net/img/cache/700/VqbcmM/2024/2/19/3a8f63f8-213f-4fc4-a513-eac554fc0c3e.jpg,
8997223771188,SUPERQUIN WFR WHT COF 300G,Cemilan & Biskuit,28500,85200,3,169200,6,https://down-id.img.susercontent.com/file/id-11134207-7r98q-lq9zbon6eece95,
8995225602004,SWISCO MN STICK BROWN S 350G,Cemilan & Biskuit,22900,68400,3,136200,6,https://down-id.img.susercontent.com/file/id-11134207-7r991-lrtmhi3y39s6d0,
8995225600673,SWISCO WAFER ROLL 200G,Cemilan & Biskuit,18500,55200,3,109200,6,https://down-id.img.susercontent.com/file/id-11134207-23020-sqtwncundrnv07,
8995225600802,SWISCO WFR COKLAT 300G,Cemilan & Biskuit,22900,68400,3,136200,6,,
8995225602127,SWISCO WFR STRAWBERRY 300G,Cemilan & Biskuit,22900,68400,3,136200,6,https://images.tokopedia.net/img/cache/700/VqbcmM/2024/2/28/b3587ef3-ffb7-46d2-ae7f-e9b5ef7b78b5.jpg,
8991102762366,TANGO WAFFLE JAR 180G,Cemilan & Biskuit,22900,22900,1,22900,1,https://images.tokopedia.net/img/cache/700/hDjmkQ/2024/4/5/b57e7f93-1489-4842-9c81-7271d6862a7c.jpg,
8991102374309,TANGO WFR CHOCO 298G,Cemilan & Biskuit,26500,158400,6,158400,6,https://img.lazcdn.com/g/p/43ea6a7c8ead9e7161132a2758a91983.jpg_720x720q80.jpg,
8991102927963,TANGO WFR CHOCO JAR 240G,Cemilan & Biskuit,23900,71100,3,141000,6,https://img.lazcdn.com/g/p/52eed0e0dd6cc354770b624b4f64acb7.jpg_720x720q80.jpg,
8991102030410,TANGO WFR VANILLA JAR 240G,Cemilan & Biskuit,23900,71100,3,141000,6,https://images.tokopedia.net/img/cache/700/VqbcmM/2024/2/20/c55f8075-c71c-4ef1-88b3-b1aa747e59cc.jpg,
8996001600382,TEH PUCUK 1.3L,Cemilan & Biskuit,9300,54000,6,54000,6,https://down-my.img.susercontent.com/file/my-11134207-7r98v-lyhg07tea3c9e3,
8998694111015,TINI WINI BITI KEJU 38G,Cemilan & Biskuit,6000,6000,1,6000,1,https://arti-assets.sgp1.digitaloceanspaces.com/megaswalayan/products/51507c9b-42fa-4a4f-a010-a9122c9659f3.jpg,
8998694110780,TINI WINI BITI SGTG BX 8 12G,Cemilan & Biskuit,15300,91200,6,181200,12,https://www.static-src.com/wcsstore/Indraprastha/images/catalog/full/catalog-image/101/MTA-157545812/tini-wini-biti_tini-wini-biti-gift-pack-72-gr-ssn_full01.jpg,
8995125701111,TOBELO ALMOND 70G,Coklat & Permen,17700,67500,4,67500,4,https://www.static-src.com/wcsstore/Indraprastha/images/catalog/full//103/MTA-93144586/tobelo_cokelat_kacang_almond_tobelo_1_toples_isi_28_pcs_full01_cwph9u9t.jpg,
8995125701197,TOBELO BALIGEE 10S,Coklat & Permen,19500,19500,1,19500,1,https://images.tokopedia.net/img/cache/700/VqbcmM/2023/3/14/243d01e2-e478-4415-ac57-1301ad1ffa57.png,
8995125701142,TOBELO BALIMANGO,Coklat & Permen,17700,67500,4,67500,4,https://images.tokopedia.net/img/cache/700/hDjmkQ/2024/2/12/d75ae4b5-dcc8-449d-a866-50d162617b98.jpg,
4030001,TOBELO BOBABOL 220G,Coklat & Permen,17700,67500,4,67500,4,https://www.static-src.com/wcsstore/Indraprastha/images/catalog/medium//97/MTA-93153292/tobelo_coklat_bobabol_tobelo_cokelat_compound_isi_biskuit_toples_full01_lp2axzfl.jpg,
4030002,TOBELO CHOKONUT 150G,Coklat & Permen,17700,67500,4,67500,4,https://down-id.img.susercontent.com/file/sg-11134201-23010-fys61tnjvhmv61,
4030003,TOBELO COKLAT KURMA 125G,Coklat & Permen,17700,67500,4,67500,4,https://images.tokopedia.net/img/cache/700/VqbcmM/2023/2/10/efdfd4f2-e786-4d61-8b62-c27bcb6f7415.jpg,
8995125701500,TOBELO PAKET HARI RAYA,Coklat & Permen,67500,67500,1,67500,1,https://images.tokopedia.net/img/cache/700/hDjmkQ/2024/1/12/e78df2fc-c941-4bb7-97b1-c8270e36d4e4.jpg,
8992839008888,UBM CORONATION ASS 450G,Cemilan & Biskuit,29900,89400,3,177600,6,https://image1ws.indotrading.com/s3/productimages/webp/co37129/p861579/w300-h300/cd12ae4a-70e9-4274-be0d-d19a9269cbeb.jpg,
8992839980054,UBM GOLDY ASS 372G,Cemilan & Biskuit,36900,110400,3,220200,6,https://d1d8o7q9jg8pjk.cloudfront.net/p/lg_603a445407d81.PNG,
8992839006983,UBM MINI ASSORTED 830G,Cemilan & Biskuit,49900,149400,3,298200,6,https://d1d8o7q9jg8pjk.cloudfront.net/p/lg_603a406f5a503.PNG,
8992839913694,UBM RICH ASSORTED 700G,Cemilan & Biskuit,61500,183900,3,366000,6,https://images.tokopedia.net/img/cache/700/VqbcmM/2024/5/22/9d23bc0c-e3ef-4174-9d61-4768c9e14447.jpg,
8992839981105,UBM TWIN CHOVAN 250G,Cemilan & Biskuit,24500,73200,3,145800,6,https://down-id.img.susercontent.com/file/id-11134207-7r98o-lvvzowu7k7ca76,
8992839980078,UBM WFR CHOCO 280G,Cemilan & Biskuit,27000,80700,3,160800,6,https://www.static-src.com/wcsstore/Indraprastha/images/catalog/full//90/MTA-41632370/ubm_biscuits_wafer_kaleng_ubm_300gr_full01_21208f8a.jpg,
8888166350359,WALENS WAFFLE DLX 300G,Cemilan & Biskuit,22900,22900,1,22900,1,https://images.tokopedia.net/img/cache/700/VqbcmM/2024/2/12/41953dd0-86bd-42f2-b09b-c1d5d60d719d.png,
8998288100043,WONGCOCO COCOPANDAN 1KG,Bahan Puding & Agar-agar,17500,17500,1,17500,1,https://arti-assets.sgp1.digitaloceanspaces.com/renyswalayanku/products/18157c52-320e-4acc-999a-15f530b761ea.jpg,
8998288410005,WONGCOCO DEGAN CP 1KG,Bahan Puding & Agar-agar,17500,17500,1,17500,1,https://images.tokopedia.net/img/cache/700/VqbcmM/2023/3/13/692f1334-8054-41f9-b6e4-6d291ee5c1b6.jpg,
8998288100081,WONGCOCO LECI 1KG,Bahan Puding & Agar-agar,16700,16700,1,16700,1,https://jumbo.co.id/wp-content/uploads/2021/04/200915111704_7464-WONG-CC-1KG-LECY_zoom.jpg,
8997007646862,ZIPPY BISC VANILLA 300G,Cemilan & Biskuit,24500,73200,3,145800,6,https://spjbiscuit.com/wp-content/uploads/2023/01/Zippy-Biskuit-Sandwich-Vanila-Bucket.jpg,
8997007646886,ZIPPY WFR CHOCO 280G,Cemilan & Biskuit,24500,73200,3,145800,6,https://www.static-src.com/wcsstore/Indraprastha/images/catalog/full/catalog-image/MTA-95783507/zippy_zippy_wafer_cubes_coklat_280gr_full01_olulgk2y.jpg,